0,Air Fear Of God 1 Sail Black
1,Nike Blazer High sacai White Black Legend Blue
2,Nike Blazer High sacai Snow Beach
3,Nike LD Waffle Sacai Green Multi
4,Nike LD Waffle Sacai Blue Multi
5,Air Force 1 Low Devin Booker
6,Nike Daybreak Undercover Black
7,Nike Adapt BB Mag
8,Air Max 720 Be True (2019)
9,Air Fear Of God 1 Orange Pulse
10,Air Max 1 Puerto Rico (2019)
11,Air Fear Of God 1 Frosted Spruce
12,Air Fear Of God Raid Black
13,Nike Daybreak Undercover Blue Jay
14,Air Fear of God Raid Light Bone
15,Air Force 1 Low White &#x27;07
16,Air Max 1 Swipa
17,Air Max 90 Be True (2019)
18,Nike SB Air Trainer 1 Polar Skate Co
19,Air Max 2 Light Atmos
20,Air Max 1 Susan Missing Link
21,Nike Blazer Mid 77 Vintage White Black
22,Nike Adapt BB Black Pure Platinum (US Charger)
23,Air Fear Of God Moccasin Black
24,Air Fear Of God Moccasin Pure Platinum
25,Air Force 1 Low Retro Ivory Snake
26,Air Max 90 Mars Landing
27,Air Max 1 Have a Nike Day
28,Nike Tailwind 79 Be True (2019)
29,Air Max 90 OFF-WHITE Black
30,Air Max 97 Have a Nike Day
31,Air Max 1 Tokyo Maze
32,Air Max 97 Neon Seoul
33,Air Max 98 La Mezcla
34,Nike SB Dunk High Dog Walker
35,Air Max 97 White Wolf Grey
36,Air Max 90 OFF-WHITE Desert Ore
37,Air VaporMax Flyknit 2 Orca
38,Nike Zoom Fly Off-White Black Silver
39,Air More Uptempo 720 University Red White Black
40,adidas Yeezy Boost 350 V2 Black
41,adidas Yeezy Boost 700 V2 Vanta
42,adidas Yeezy Boost 350 V2 Clay
43,adidas Yeezy Boost 350 V2 Static Black Reflective
44,adidas Yeezy Boost 350 V2 Cream/Triple White
45,adidas Yeezy Boost 350 V2 Glow
46,adidas Yeezy Boost 700 Inertia
47,adidas Yeezy 500 Super Moon Yellow
48,adidas Yeezy Boost 350 V2 Semi Frozen Yellow
49,adidas Yeezy Boost 350 V2 Static
50,adidas Yeezy Boost 700 V2 Geode
51,adidas Yeezy Boost 350 V2 Zebra
52,adidas Yeezy Boost 350 V2 Sesame
53,adidas Yeezy Boost 700 Analog
54,adidas Yeezy Boost 350 V2 Butter
55,adidas Yeezy Boost 700 Wave Runner Solid Grey
56,adidas Yeezy Boost 350 V2 Trfrm
57,adidas Yeezy 700 Mauve
58,adidas Yeezy 500 Blush
59,adidas Yeezy 500 Utility Black
60,adidas Yeezy Boost 350 V2 Static Reflective
61,adidas Yeezy 500 Salt
62,adidas Yeezy Boost 350 V2 Blue Tint
63,adidas Yeezy Boost 700 Salt
64,adidas Yeezy Boost 350 V2 Beluga 2.0
65,adidas Yeezy Boost 350 V2 Hyperspace
66,adidas Yeezy 700 V2 Static
67,adidas Yeezy Boost 350 V2 Black Red
68,adidas Yeezy Powerphase Calabasas Core Black
69,adidas Yeezy Boost 350 V2 Core Black Red
70,adidas Yeezy Boost 350 V2 Beluga
71,adidas Yeezy Boost 350 V2 Core Black White
72,adidas Yeezy Powerphase Calabasas Grey
73,adidas Yeezy Boost 350 Turtledove
74,adidas Yeezy Boost 350 V2 Antlia
75,adidas Yeezy Desert Boot Oil
76,adidas Yeezy Boost 350 V2 Core Black Green
77,adidas Yeezy Boost 350 Moonrock
78,adidas Yeezy Boost 750 Triple Black
79,adidas Yeezy Powerphase Calabasas Core White
80,Revenge X Storm Low Top Black
81,Vans Old Skool Yacht Club
82,Converse Chuck Taylor All-Star 70s Hi Comme des Garcons PLAY Black
83,Revenge X Storm Low Top Red
84,Converse Chuck Taylor All-Star 70s Hi Comme des Garcons PLAY White
85,Revenge X Storm Low Top Black Yellow
86,Converse Chuck Taylor All-Star 70s Ox Comme des Garcons PLAY Black
87,Puma RS-X Toys White
88,John Geiger 002 Cream
89,Vans Old Skool David Bowie Aladdin Sane
90,Revenge X Storm Low Top Blue
91,Converse Chuck Taylor All-Star 70s Hi Off-White
92,Converse Chuck Taylor All-Star 70s Ox Comme des Garcons PLAY White
93,Vans Authentic Comme des Garcons
94,Converse Run Star Hike Hi JW Anderson Glitter
95,Converse Chuck Taylor All-Star 70s Hi Comme des Garcons Play Multi-Heart White
96,Reebok Club C 85 JJJJound
97,Vans Old Skool Marvel What The Avengers
98,Crocs Dimitri Clog Chinatown Market
99,Asics Gel-Lyte III Sneaker Freaker Tiger Snake
100,New Balance 990v4 Pink Ribbon (Faded Rose)
101,Converse Chuck Taylor All-Star 70s Hi Iridescent
102,Clarks Originals Wallabee Supreme Bandana Black
103,Vans Old Skool Retro Block
104,Revenge X Storm Low Top Black (with Flames)
105,Converse Run Star Hike Hi JW Anderson Black
106,Vans Era Harry Potter Slytherin
107,Tommy Hilfiger Laurel Kith Slides
108,Under Armour Curry 4 White Black
109,New Balance 990v4 Grey (Standard Width)
110,Reebok Alien Stomper Bishop 40th Anniversary
111,Vans Old Skool NASA Space Voyager True White
112,Revenge X Storm Low Top Red (with Flames)
113,New Balance 990 No Vacancy Inn
114,Vans Old Skool Black White
115,Puma Palace Guard OG White
116,Vans Old Skool Disney Mickey Mouse Hand
117,Converse Star Series BB Tinker Hatfield Black
118,Diadora B. Elite Rick and Morty
119,Vans Sk8-Hi MTE NASA Space Voyager True White
120,Jordan 4 Retro Raptors Drake OVO (2019)
121,Jordan 4 Retro Bred (2019)
122,Jordan 1 Retro High OG Defiant SB LA to Chicago
123,Jordan 1 Retro High OG Defiant SB NYC to Paris
124,Jordan 6 Retro Reflections of a Champion
125,Jordan 1 Retro High Travis Scott
126,Jordan 4 Retro Raptors (2018)
127,Jordan 8 Retro Reflections of a Champion
128,Jordan 7 Retro Reflections of a Champion
129,Jordan 11 Retro Low Snake Navy (2019)
130,Jordan 1 Mid Quai54 (2019)
131,Jordan 1 Retro High Black Crimson Tint
132,Jordan 11 Retro Concord (2018)
133,Jordan 6 Retro Black Infrared (2019)
134,Jordan 1 Retro High Turbo Green
135,Jordan 7 Retro Ray Allen Bucks
136,Jordan 1 Retro High Phantom Gym Red
137,Jordan 1 Retro High Shadow (2018)
138,Jordan 5 Retro Trophy Room Ice Blue
139,Jordan 1 Retro High Neutral Grey Hyper Crimson
140,Jordan 1 Low Black Toe
141,Jordan 1 Retro High Spider-Man Origin Story
142,Jordan 1 Retro High Rookie of the Year
143,Jordan 7 Retro Patta Shimmer
144,Jordan 3 Retro Black Cement (2018)
145,Jordan 1 Mid Alternate Think 16
146,Jordan 11 Retro Low Snake Light Bone
147,Jordan 1 Retro High Pine Green
148,Jordan 4 Retro Flight Nostalgia
149,Jordan 11 Retro Space Jam (2016)
150,Jordan 1 Retro High Sports Illustrated (A Star Is Born)
151,Jordan 1 Retro High SP Gina
152,Jordan 13 Retro Cap and Gown
153,Jordan 11 Retro UNC Win Like 82
154,Jordan 1 Retro High Off-White University Blue
155,Jordan 12 Retro Gym Red (2018)
156,Jordan 1 Low Lakers Top 3
157,Jordan 11 Retro Platinum Tint
158,Jordan 4 Retro Travis Scott Cactus Jack
159,Jordan 11 Retro Win Like 96
